root_id,side,subtype,cos,margin,cos_BM_Ant,cos_BM_Fr,cos_BM_FrOr,cos_BM_InOc,cos_BM_Oc,cos_BM_Or
16270,right,BM_Or,0.8819,0.0049,0.6508,0.6718,0.7955,0.6702,0.8771,0.8819
556071,right,BM_FrOr,0.6241,0.0208,0.3787,0.4458,0.6241,0.453,0.5838,0.6033
588988993,left,BM_Ant,0.7722,0.1898,0.7722,0.5825,0.5283,0.2673,0.4042,0.4775
167276,right,BM_FrOr,0.1884,0.0601,0.1283,0.1282,0.1884,0.0923,0.1008,0.1096
259289,left,BM_Fr,0.7484,0.072,0.5994,0.7484,0.6764,0.4882,0.5304,0.5376
520130,right,BM_Ant,0.7902,0.081,0.7902,0.7092,0.6086,0.3936,0.5309,0.5789
13670,right,BM_Or,0.843,0.0804,0.5702,0.562,0.6988,0.6701,0.7626,0.843
249601,left,BM_FrOr,0.4115,0.0384,0.2989,0.2778,0.4115,0.3513,0.3731,0.3621
920310070,left,BM_FrOr,0.5099,0.0118,0.4981,0.4439,0.5099,0.3912,0.4634,0.4719
17362,right,BM_Fr,0.755,0.0178,0.7249,0.755,0.7372,0.6023,0.6417,0.6921
519690,left,BM_Ant,0.7646,0.2198,0.7646,0.5448,0.4843,0.2849,0.3678,0.4502
15333,right,BM_Or,0.786,0.0302,0.7125,0.6675,0.7474,0.5594,0.7558,0.786
305417,right,BM_InOc,0.6967,0.0285,0.3941,0.4978,0.6488,0.6967,0.6482,0.6682
49096,right,BM_FrOr,0.8256,0.0596,0.7607,0.7661,0.8256,0.6281,0.7027,0.7549
515723,right,BM_InOc,0.8031,0.0231,0.4975,0.5698,0.7331,0.8031,0.7294,0.78
562562374,left,BM_Ant,0.6193,0.1807,0.6193,0.4316,0.4317,0.2671,0.3552,0.4386
50566,right,BM_FrOr,0.8678,0.0775,0.6916,0.7637,0.8678,0.6385,0.7655,0.7903
550223,right,BM_InOc,0.8159,0.029,0.3973,0.5318,0.7216,0.8159,0.7548,0.7869
458737,left,BM_InOc,0.5181,0.1271,0.1027,0.2859,0.3603,0.5181,0.2944,0.391
61729,left,BM_Ant,0.7502,0.2138,0.7502,0.5364,0.5114,0.3201,0.365,0.4492
926363,left,BM_Ant,0.4308,0.1164,0.4308,0.2998,0.3144,0.0649,0.0945,0.1077
134177,left,BM_Ant,0.7945,0.2076,0.7945,0.5869,0.5677,0.3144,0.4408,0.523
93000,left,BM_Ant,0.8061,0.1997,0.8061,0.6064,0.5491,0.3018,0.4631,0.5139
520133,right,BM_Fr,0.7634,0.0259,0.7375,0.7634,0.6699,0.4704,0.5284,0.5832
242879,left,BM_FrOr,0.6225,0.0562,0.5664,0.5131,0.6225,0.3883,0.4592,0.4694
334819,right,BM_FrOr,0.4248,0.0311,0.2763,0.3754,0.4248,0.3427,0.3847,0.3937
520131,right,BM_InOc,0.7839,0.0199,0.5277,0.6095,0.764,0.7839,0.7179,0.7602
515724,right,BM_InOc,0.8245,0.04,0.4602,0.6055,0.7661,0.8245,0.7713,0.7845
36948,right,BM_Or,0.8656,0.0599,0.6395,0.6379,0.8056,0.7285,0.7852,0.8656
186323,right,BM_FrOr,0.1197,0.0216,0.0968,0.0981,0.1197,0.058,0.038,0.0412
209326,right,BM_FrOr,0.2558,0.0557,0.2001,0.1897,0.2558,0.1222,0.1441,0.1571
231648,right,BM_Ant,0.7262,0.0928,0.7262,0.5736,0.6334,0.3182,0.4202,0.4957
517428,left,BM_Or,0.922,0.0002,0.5774,0.6732,0.8008,0.7329,0.9218,0.922
387347,right,BM_Fr,0.4442,0.1942,0.2244,0.4442,0.25,0.1367,0.1089,0.096
156256,left,BM_Ant,0.7619,0.2149,0.7619,0.547,0.5098,0.3152,0.4102,0.4877
210817,left,BM_Ant,0.6814,0.0836,0.6814,0.5166,0.5978,0.3285,0.4472,0.4913
416560,left,BM_Ant,0.2922,0.0678,0.2922,0.1886,0.2244,0.0475,0.0292,0.0401
20553,left,BM_Or,0.8965,0.0614,0.5247,0.5859,0.7446,0.7261,0.8351,0.8965
59128,left,BM_FrOr,0.1864,0.0388,0.1476,0.135,0.1864,0.1049,0.0807,0.0864
365331,left,BM_Ant,0.817,0.1713,0.817,0.6457,0.6256,0.3401,0.4621,0.5167
122957,right,BM_Fr,0.4778,0.0864,0.3195,0.4778,0.3914,0.2751,0.2473,0.2361
98212,right,BM_FrOr,0.8419,0.06,0.6696,0.7516,0.8419,0.6781,0.7272,0.7819
90933,left,BM_Or,0.9023,0.0203,0.6303,0.6989,0.8175,0.6849,0.882,0.9023
520132,right,BM_Fr,0.765,0.0029,0.7621,0.765,0.7248,0.5578,0.6209,0.6668
65635,left,BM_FrOr,0.1787,0.0507,0.1172,0.128,0.1787,0.1028,0.0938,0.0994
68405,right,BM_Fr,0.7819,0.0855,0.6964,0.7819,0.6604,0.4237,0.5446,0.5513
231409,left,BM_Fr,0.3581,0.2247,0.1256,0.3581,0.1334,0.1118,0.1198,0.0865
520134,right,BM_FrOr,0.7944,0.0106,0.6201,0.6481,0.7944,0.6788,0.7299,0.7838
169936,left,BM_Ant,0.7543,0.1941,0.7543,0.5602,0.515,0.3129,0.4304,0.5024
518626,left,BM_FrOr,0.8382,0.0375,0.6849,0.8007,0.8382,0.6196,0.6429,0.6906
401592,left,BM_Fr,0.8103,0.0847,0.6453,0.8103,0.7256,0.4728,0.6,0.6259
70705,left,BM_FrOr,0.5122,0.0911,0.3787,0.421,0.5122,0.3055,0.3824,0.4132
148808,right,BM_Fr,0.5083,0.1264,0.3187,0.5083,0.3819,0.2942,0.2863,0.2701
220334,left,BM_Ant,0.7438,0.0772,0.7438,0.6666,0.656,0.441,0.5835,0.6063
524903,left,BM_FrOr,0.9011,0.0842,0.6856,0.7755,0.9011,0.6893,0.7617,0.8169
521443,left,BM_Or,0.891,0.0474,0.5162,0.5929,0.7588,0.7716,0.8436,0.891
290332,left,BM_Ant,0.722,0.1168,0.722,0.5904,0.6052,0.3119,0.4481,0.5096
249396,left,BM_Fr,0.364,0.2424,0.1157,0.364,0.1216,0.0821,0.1112,0.0777
106451,left,BM_FrOr,0.1633,0.0453,0.1063,0.118,0.1633,0.0663,0.0802,0.0847
634745126,left,BM_Ant,0.6949,0.2139,0.6949,0.4727,0.4811,0.3244,0.3349,0.4243
108358,right,BM_FrOr,0.8525,0.037,0.7339,0.7322,0.8525,0.5932,0.7488,0.8155
538594156,left,BM_InOc,0.5289,0.2336,0.0568,0.2453,0.2758,0.5289,0.2702,0.2954
879530032,right,BM_Ant,0.3617,0.0695,0.3617,0.2923,0.2768,0.0826,0.0646,0.0787
58828,right,BM_InOc,0.8199,0.0252,0.4935,0.6081,0.761,0.8199,0.7658,0.7946
56693,left,BM_FrOr,0.5143,0.0225,0.3167,0.3773,0.5143,0.3669,0.4691,0.4918
111272,left,BM_FrOr,0.8996,0.037,0.6215,0.7318,0.8996,0.7179,0.8116,0.8626
317278,left,BM_FrOr,0.6194,0.133,0.4473,0.4865,0.6194,0.3623,0.4574,0.4692
10438,left,BM_Fr,0.8378,0.1073,0.6798,0.8378,0.7306,0.5363,0.5461,0.5922
423550,left,BM_Ant,0.8262,0.0597,0.8262,0.7549,0.7665,0.4636,0.6797,0.7116
